<?xml version='1.0' encoding='utf-8' standalone='yes' ?>
<map>
    <int name="AF_CACHE_VERSION" value="1" />
    <string name="prev_event_name">trailer_played</string>
    <boolean name="didSendRevenueTriggerOnLastBackground" value="false" />
    <long name="prev_event_timestamp" value="1765257629605" />
    <int name="appsFlyerInAppEventCount" value="104" />
    <long name="prev_session_dur" value="3" />
    <boolean name="ddl_sent" value="true" />
    <long name="af_rc_max_age" value="86400" />
    <string name="sentSuccessfully">true</string>
    <int name="versionCode" value="27" />
    <string name="af_remote_config">eyJmZWF0dXJlcyI6e30sInZlciI6ImRlZmF1bHQudjEuMTYzNzE0OTUyOSJ9</string>
    <string name="savedProperties">{&quot;logLevel&quot;:&quot;0&quot;}</string>
    <string name="AF_INSTALLATION">1764645328521-7079675007751055150</string>
    <boolean name="afUninstallToken_queued" value="false" />
    <int name="appsFlyerCount" value="13" />
    <long name="AppsFlyerTimePassedSincePrevLaunch" value="1765257626414" />
    <boolean name="newGPReferrerSent" value="true" />
    <long name="af_rc_timestamp" value="1765189064191" />
    <string name="first_launch">{&quot;net&quot;:595,&quot;from_fg&quot;:683,&quot;start_with&quot;:&quot;activity&quot;,&quot;init_to_fg&quot;:11}</string>
    <string name="appsFlyerFirstInstall"></string>
    <string name="attributionId">{&quot;install_time&quot;:&quot;2025-12-02 03:15:29.970&quot;,&quot;af_message&quot;:&quot;organic install&quot;,&quot;af_status&quot;:&quot;Organic&quot;,&quot;is_first_launch&quot;:false}</string>
</map>
