<?xml version='1.0' encoding='utf-8' standalone='yes' ?>
<map>
    <string name="prev_event_name">trailer_played</string>
    <int name="AF_CACHE_VERSION" value="1" />
    <boolean name="didSendRevenueTriggerOnLastBackground" value="true" />
    <long name="prev_event_timestamp" value="1766037656821" />
    <int name="appsFlyerInAppEventCount" value="29" />
    <long name="prev_session_dur" value="3" />
    <long name="af_rc_max_age" value="86400" />
    <boolean name="ddl_sent" value="true" />
    <string name="sentSuccessfully">true</string>
    <string name="af_remote_config">eyJmZWF0dXJlcyI6e30sInZlciI6ImRlZmF1bHQudjEuMTYzNzE0OTUyOSJ9</string>
    <int name="versionCode" value="36" />
    <string name="savedProperties">{&quot;logLevel&quot;:&quot;0&quot;}</string>
    <string name="AF_INSTALLATION">1765885943893-6927932080016277348</string>
    <boolean name="afUninstallToken_queued" value="false" />
    <int name="appsFlyerCount" value="7" />
    <long name="af_rc_timestamp" value="1766037654035" />
    <long name="AppsFlyerTimePassedSincePrevLaunch" value="1765886206578" />
    <boolean name="newGPReferrerSent" value="true" />
    <string name="appsFlyerFirstInstall">2025-12-16_172224+0530</string>
    <string name="attributionId">{&quot;install_time&quot;:&quot;2025-12-16 11:52:27.153&quot;,&quot;af_message&quot;:&quot;organic install&quot;,&quot;af_status&quot;:&quot;Organic&quot;,&quot;is_first_launch&quot;:false}</string>
</map>
