<?xml version='1.0' encoding='utf-8' standalone='yes' ?>
<map>
    <string name="prev_event_name">trailer_played</string>
    <int name="AF_CACHE_VERSION" value="1" />
    <boolean name="didSendRevenueTriggerOnLastBackground" value="true" />
    <long name="prev_event_timestamp" value="1766636704247" />
    <int name="appsFlyerInAppEventCount" value="27" />
    <long name="prev_session_dur" value="1" />
    <boolean name="ddl_sent" value="true" />
    <long name="af_rc_max_age" value="86400" />
    <string name="sentSuccessfully">true</string>
    <int name="versionCode" value="36" />
    <string name="af_remote_config">eyJmZWF0dXJlcyI6e30sInZlciI6ImRlZmF1bHQudjEuMTYzNzE0OTUyOSJ9</string>
    <string name="savedProperties">{&quot;logLevel&quot;:&quot;0&quot;}</string>
    <string name="AF_INSTALLATION">1766634205012-4918754507511811682</string>
    <boolean name="afUninstallToken_queued" value="false" />
    <int name="appsFlyerCount" value="4" />
    <long name="af_rc_timestamp" value="1766634205284" />
    <long name="AppsFlyerTimePassedSincePrevLaunch" value="1766634263023" />
    <boolean name="newGPReferrerSent" value="true" />
    <string name="appsFlyerFirstInstall">2025-12-25_091325+0530</string>
    <string name="attributionId">{&quot;redirect_response_data&quot;:null,&quot;adgroup_id&quot;:null,&quot;engmnt_source&quot;:null,&quot;is_incentivized&quot;:&quot;false&quot;,&quot;retargeting_conversion_type&quot;:&quot;none&quot;,&quot;af_ip&quot;:&quot;152.59.165.230&quot;,&quot;orig_cost&quot;:&quot;0.0&quot;,&quot;af_prt&quot;:&quot;ffoffersin217&quot;,&quot;authentication_type&quot;:&quot;not_authenticated&quot;,&quot;is_first_launch&quot;:false,&quot;af_click_lookback&quot;:&quot;7d&quot;,&quot;CB_preload_equal_priority_enabled&quot;:false,&quot;af_cpi&quot;:null,&quot;iscache&quot;:true,&quot;click_time&quot;:&quot;2025-12-25 03:42:33.206&quot;,&quot;is_branded_link&quot;:null,&quot;adset&quot;:null,&quot;match_type&quot;:&quot;id_matching&quot;,&quot;idfv&quot;:&quot;{aff_sub}&quot;,&quot;af_channel&quot;:&quot;{c}&quot;,&quot;campaign_id&quot;:&quot;{campaign_id}&quot;,&quot;af_pmod_lookback_window&quot;:&quot;15m&quot;,&quot;install_time&quot;:&quot;2025-12-25 03:43:27.632&quot;,&quot;af_c_id&quot;:&quot;{campaign_id}&quot;,&quot;agency&quot;:&quot;ffoffersin217&quot;,&quot;media_source&quot;:&quot;mobifly_int&quot;,&quot;idfa&quot;:&quot;{idfa}&quot;,&quot;advertising_id&quot;:&quot;b23188a2-001a-4eed-832a-c3e5f43e752e&quot;,&quot;clickid&quot;:&quot;694cf8f90623c54e47e5cce4&quot;,&quot;af_siteid&quot;:&quot;d7759000b5cfa1c2&quot;,&quot;af_status&quot;:&quot;Non-organic&quot;,&quot;af_sub1&quot;:null,&quot;cost_cents_USD&quot;:&quot;0&quot;,&quot;af_sub5&quot;:null,&quot;af_sub4&quot;:null,&quot;af_sub3&quot;:null,&quot;af_sub2&quot;:null,&quot;adset_id&quot;:null,&quot;esp_name&quot;:null,&quot;http_referrer&quot;:null,&quot;campaign&quot;:&quot;Digirovers_performance&quot;,&quot;is_universal_link&quot;:null,&quot;is_retargeting&quot;:&quot;false&quot;,&quot;adgroup&quot;:null}</string>
</map>
