<?xml version='1.0' encoding='utf-8' standalone='yes' ?>
<map>
    <string name="prev_event_name">trailer_played</string>
    <int name="AF_CACHE_VERSION" value="2" />
    <boolean name="didSendRevenueTriggerOnLastBackground" value="false" />
    <long name="prev_event_timestamp" value="1771321333743" />
    <int name="appsFlyerInAppEventCount" value="38" />
    <long name="prev_session_dur" value="6" />
    <long name="af_rc_max_age" value="86400" />
    <boolean name="ddl_sent" value="true" />
    <string name="sentSuccessfully">true</string>
    <string name="af_remote_config">eyJmZWF0dXJlcyI6e30sInZlciI6ImRlZmF1bHQudjEuMTYzNzE0OTUyOSJ9</string>
    <int name="versionCode" value="4" />
    <string name="savedProperties">{&quot;logLevel&quot;:&quot;0&quot;}</string>
    <string name="AF_INSTALLATION">1771313706660-2021385205051044569</string>
    <boolean name="afUninstallToken_queued" value="false" />
    <int name="appsFlyerCount" value="11" />
    <long name="af_rc_timestamp" value="1771313706916" />
    <long name="AppsFlyerTimePassedSincePrevLaunch" value="1771321327470" />
    <boolean name="newGPReferrerSent" value="true" />
    <string name="appsFlyerFirstInstall">2026-02-17_130507+0530</string>
    <string name="attributionId">{&quot;install_time&quot;:&quot;2026-02-17 07:35:09.764&quot;,&quot;af_message&quot;:&quot;organic install&quot;,&quot;af_status&quot;:&quot;Organic&quot;,&quot;is_first_launch&quot;:false}</string>
</map>
