<?xml version='1.0' encoding='utf-8' standalone='yes' ?>
<map>
    <int name="AF_CACHE_VERSION" value="2" />
    <string name="prev_event_name">trailer_played</string>
    <boolean name="didSendRevenueTriggerOnLastBackground" value="false" />
    <long name="prev_event_timestamp" value="1765605693089" />
    <int name="appsFlyerInAppEventCount" value="51" />
    <long name="prev_session_dur" value="4" />
    <boolean name="ddl_sent" value="true" />
    <long name="af_rc_max_age" value="86400" />
    <string name="sentSuccessfully">true</string>
    <string name="af_remote_config">eyJmZWF0dXJlcyI6e30sInZlciI6ImRlZmF1bHQudjEuMTYzNzE0OTUyOSJ9</string>
    <int name="versionCode" value="36" />
    <string name="savedProperties">{&quot;logLevel&quot;:&quot;0&quot;}</string>
    <string name="AF_INSTALLATION">1765270174898-4749975983817362726</string>
    <boolean name="afUninstallToken_queued" value="false" />
    <int name="appsFlyerCount" value="10" />
    <long name="af_rc_timestamp" value="1765528963971" />
    <long name="AppsFlyerTimePassedSincePrevLaunch" value="1765605688809" />
    <boolean name="newGPReferrerSent" value="true" />
    <string name="appsFlyerFirstInstall">2025-12-09_141935+0530</string>
    <string name="attributionId">{&quot;install_time&quot;:&quot;2025-12-09 08:49:38.694&quot;,&quot;af_message&quot;:&quot;organic install&quot;,&quot;af_status&quot;:&quot;Organic&quot;,&quot;is_first_launch&quot;:false}</string>
</map>
