<?xml version='1.0' encoding='utf-8' standalone='yes' ?>
<map>
    <string name="prev_event_name">trailer_played</string>
    <int name="AF_CACHE_VERSION" value="2" />
    <boolean name="didSendRevenueTriggerOnLastBackground" value="false" />
    <long name="prev_event_timestamp" value="1772216370811" />
    <int name="appsFlyerInAppEventCount" value="45" />
    <long name="prev_session_dur" value="4" />
    <boolean name="ddl_sent" value="true" />
    <long name="af_rc_max_age" value="86400" />
    <int name="versionCode" value="46" />
    <string name="af_remote_config">eyJmZWF0dXJlcyI6e30sInZlciI6ImRlZmF1bHQudjEuMTYzNzE0OTUyOSJ9</string>
    <string name="savedProperties">{&quot;logLevel&quot;:&quot;0&quot;}</string>
    <string name="AF_INSTALLATION">1772099296853-7592755408427920436</string>
    <int name="appsFlyerCount" value="5" />
    <long name="AppsFlyerTimePassedSincePrevLaunch" value="1772216367573" />
    <long name="af_rc_timestamp" value="1772216367414" />
    <string name="appsFlyerFirstInstall">2026-02-26_151817+0530</string>
</map>
