<?xml version='1.0' encoding='utf-8' standalone='yes' ?>
<map>
    <long name="last_upload" value="1767502279822" />
    <long name="first_open_time" value="1767424928883" />
    <string name="gmp_app_id">1:1023133728894:android:f25a671f5194e1d618d82f</string>
    <string name="app_instance_id">073dbd353346bcfeacffeacb698dd0c4</string>
    <long name="session_id" value="1767502283" />
    <boolean name="app_backgrounded" value="true" />
    <long name="health_monitor:start" value="1767424929528" />
    <boolean name="use_service" value="true" />
    <boolean name="deferred_analytics_collection" value="false" />
    <long name="last_delete_stale" value="267765063" />
    <string name="previous_os_version">15</string>
    <boolean name="has_been_opened" value="true" />
    <string name="health_monitor:value">2EC133005:Failed to send default event parameters to service</string>
    <boolean name="allow_remote_dynamite" value="true" />
    <long name="last_pause_time" value="1767502288498" />
    <boolean name="start_new_session" value="false" />
    <long name="health_monitor:count" value="20" />
</map>
