<?xml version='1.0' encoding='utf-8' standalone='yes' ?>
<map>
    <long name="last_upload" value="1765605676348" />
    <long name="first_open_time" value="1765605662591" />
    <string name="gmp_app_id">1:1023133728894:android:f25a671f5194e1d618d82f</string>
    <string name="app_instance_id">51b13fb1a592561d644952c493e221dd</string>
    <long name="session_id" value="1765605662" />
    <boolean name="app_backgrounded" value="true" />
    <long name="health_monitor:start" value="1765605662690" />
    <boolean name="deferred_analytics_collection" value="false" />
    <long name="last_delete_stale" value="1651089956" />
    <string name="previous_os_version">15</string>
    <boolean name="has_been_opened" value="true" />
    <string name="health_monitor:value">2WC133005:Callable skipped the worker queue.</string>
    <boolean name="allow_remote_dynamite" value="true" />
    <long name="last_pause_time" value="1765605692702" />
    <long name="midnight_offset" value="12100346" />
    <boolean name="start_new_session" value="false" />
    <long name="health_monitor:count" value="5" />
    <long name="last_upload_attempt" value="0" />
</map>
