<?xml version='1.0' encoding='utf-8' standalone='yes' ?>
<map>
    <long name="first_open_time" value="1769829151165" />
    <string name="gmp_app_id">1:1023133728894:android:f25a671f5194e1d618d82f</string>
    <string name="app_instance_id">ffff4c2697d8792d3d1b16802177a302</string>
    <long name="session_id" value="1769838499" />
    <boolean name="app_backgrounded" value="true" />
    <long name="health_monitor:start" value="1769829151625" />
    <boolean name="use_service" value="true" />
    <boolean name="deferred_analytics_collection" value="false" />
    <string name="previous_os_version">15</string>
    <boolean name="has_been_opened" value="true" />
    <string name="health_monitor:value">2EC133005:Failed to send default event parameters to service</string>
    <boolean name="allow_remote_dynamite" value="true" />
    <long name="last_pause_time" value="1769838504610" />
    <boolean name="start_new_session" value="false" />
    <long name="health_monitor:count" value="25" />
</map>
