<?xml version='1.0' encoding='utf-8' standalone='yes' ?>
<map>
    <long name="last_upload" value="1766037654634" />
    <long name="first_open_time" value="1765885943688" />
    <string name="gmp_app_id">1:1023133728894:android:f25a671f5194e1d618d82f</string>
    <string name="app_instance_id">dcb243e015a3419e9b6c533dd6bec6d3</string>
    <boolean name="app_backgrounded" value="false" />
    <long name="session_id" value="1766037652" />
    <long name="health_monitor:start" value="1766037652382" />
    <boolean name="use_service" value="true" />
    <boolean name="deferred_analytics_collection" value="false" />
    <long name="last_delete_stale" value="192694354" />
    <string name="previous_os_version">15</string>
    <boolean name="has_been_opened" value="true" />
    <string name="health_monitor:value">2EC133005:Discarding data. Failed to send event to service</string>
    <boolean name="allow_remote_dynamite" value="true" />
    <long name="last_pause_time" value="1766037652666" />
    <boolean name="start_new_session" value="false" />
    <long name="health_monitor:count" value="20" />
</map>
