<?xml version='1.0' encoding='utf-8' standalone='yes' ?>
<map>
    <long name="first_open_time" value="1765681670053" />
    <string name="gmp_app_id">1:1023133728894:android:f25a671f5194e1d618d82f</string>
    <string name="app_instance_id">af8b888745c3040ce3a59c25a763a0b7</string>
    <long name="session_id" value="1765845484" />
    <boolean name="app_backgrounded" value="false" />
    <long name="health_monitor:start" value="1765845484461" />
    <boolean name="use_service" value="true" />
    <boolean name="deferred_analytics_collection" value="false" />
    <string name="previous_os_version">15</string>
    <boolean name="has_been_opened" value="true" />
    <string name="health_monitor:value">2EC133005:Discarding data. Failed to send event to service</string>
    <boolean name="allow_remote_dynamite" value="true" />
    <long name="last_pause_time" value="1765845486471" />
    <boolean name="start_new_session" value="false" />
    <long name="health_monitor:count" value="23" />
</map>
