<?xml version='1.0' encoding='utf-8' standalone='yes' ?>
<map>
    <long name="first_open_time" value="1766634204889" />
    <string name="gmp_app_id">1:1023133728894:android:f25a671f5194e1d618d82f</string>
    <string name="app_instance_id">7667be2bf40873e3078213fdb8bf5a91</string>
    <long name="session_id" value="1766636700" />
    <boolean name="app_backgrounded" value="false" />
    <long name="health_monitor:start" value="1766634205072" />
    <boolean name="use_service" value="true" />
    <boolean name="deferred_analytics_collection" value="false" />
    <string name="previous_os_version">15</string>
    <boolean name="has_been_opened" value="true" />
    <string name="health_monitor:value">2EC133005:Discarding data. Failed to set user property</string>
    <boolean name="allow_remote_dynamite" value="true" />
    <long name="last_pause_time" value="1766636700413" />
    <boolean name="start_new_session" value="false" />
    <long name="health_monitor:count" value="18" />
</map>
