<?xml version='1.0' encoding='utf-8' standalone='yes' ?>
<map>
    <long name="first_open_time" value="1765881581102" />
    <string name="gmp_app_id">1:1023133728894:android:f25a671f5194e1d618d82f</string>
    <string name="app_instance_id">fd0980051980debf0a2450038d609eb4</string>
    <boolean name="has_been_opened" value="true" />
    <string name="health_monitor:value">2EC133005:Failed to send current screen to service</string>
    <boolean name="app_backgrounded" value="true" />
    <boolean name="allow_remote_dynamite" value="true" />
    <long name="health_monitor:start" value="1765881621052" />
    <boolean name="use_service" value="true" />
    <boolean name="start_new_session" value="true" />
    <long name="health_monitor:count" value="5" />
</map>
