<?xml version='1.0' encoding='utf-8' standalone='yes' ?>
<map>
    <long name="first_open_time" value="1764893805076" />
    <string name="gmp_app_id">1:1023133728894:android:f25a671f5194e1d618d82f</string>
    <string name="app_instance_id">e14fafb955807db44f8300be395a9985</string>
    <long name="session_id" value="1764893805" />
    <boolean name="app_backgrounded" value="true" />
    <long name="health_monitor:start" value="1764893805442" />
    <boolean name="use_service" value="true" />
    <boolean name="deferred_analytics_collection" value="false" />
    <string name="previous_os_version">15</string>
    <boolean name="has_been_opened" value="true" />
    <boolean name="allow_remote_dynamite" value="true" />
    <long name="last_pause_time" value="1764893830075" />
    <boolean name="start_new_session" value="false" />
</map>
