<?xml version='1.0' encoding='utf-8' standalone='yes' ?>
<map>
    <long name="last_upload" value="1771321327833" />
    <long name="first_open_time" value="1771313706424" />
    <string name="gmp_app_id">1:1023133728894:android:b797629defddad7818d82f</string>
    <string name="app_instance_id">1fe467aabe3c76125bf230963b671117</string>
    <long name="session_id" value="1771321327" />
    <boolean name="app_backgrounded" value="true" />
    <long name="health_monitor:start" value="1771313706756" />
    <boolean name="use_service" value="true" />
    <boolean name="deferred_analytics_collection" value="false" />
    <long name="last_delete_stale" value="279257933" />
    <string name="previous_os_version">15</string>
    <boolean name="has_been_opened" value="true" />
    <string name="health_monitor:value">2EC133005:Discarding data. Failed to send event to service</string>
    <boolean name="allow_remote_dynamite" value="true" />
    <long name="last_pause_time" value="1771321333266" />
    <boolean name="start_new_session" value="false" />
    <long name="health_monitor:count" value="30" />
</map>
