{"Fid":"cEe105OGQUm1yN3K1d4_Vy","Status":3,"AuthToken":"eyJhbGciOiJFUzI1NiIsInR5cCI6IkpXVCJ9.eyJhcHBJZCI6IjE6MTAyMzEzMzcyODg5NDphbmRyb2lkOmYyNWE2NzFmNTE5NGUxZDYxOGQ4MmYiLCJleHAiOjE3NjY0OTA3NDUsImZpZCI6ImNFZTEwNU9HUVVtMXlOM0sxZDRfVnkiLCJwcm9qZWN0TnVtYmVyIjoxMDIzMTMzNzI4ODk0fQ.AB2LPV8wRAIgJLqhYJ9k4OZ1cBinb_gnRWzVGHxzQ_NIqNajPFQqWdcCIELBN1V_fIgCWN_8A80WP_CIVQjwxfCh1s2crZtEiDTe","RefreshToken":"3_AS3qfwIkvKGolxx6XiDoFCtGpKwwdjzrHmV51RiTLmFn5gVlgs8SE3c8l7p27GZLwDRyrIPYF7p-2gciQoMVpKQKaIzHBkd1VZJzhVrTW_XDiyQ","TokenCreationEpochInSecs":1765885945,"ExpiresInSecs":604800}