{"Fid":"f1vCiUOwRRi_hcsVItYS3r","Status":3,"AuthToken":"eyJhbGciOiJFUzI1NiIsInR5cCI6IkpXVCJ9.eyJhcHBJZCI6IjE6MTAyMzEzMzcyODg5NDphbmRyb2lkOmYyNWE2NzFmNTE5NGUxZDYxOGQ4MmYiLCJleHAiOjE3NzI3MDQwOTYsImZpZCI6ImYxdkNpVU93UlJpX2hjc1ZJdFlTM3IiLCJwcm9qZWN0TnVtYmVyIjoxMDIzMTMzNzI4ODk0fQ.AB2LPV8wRQIhAKEtaL-hR67bsQZ0XzE6syQpSAPRkInSgo0uHvXZ2A4-AiAF50OGcdVQBUfd96zdD2KKKSeo1wbBxi-r7EO-GxHMPA","RefreshToken":"3_AS3qfwJP-CK06vdLqJlQzUYla9nMJcu1Bdm8FAlvkMVZ_gTZzB0q2nkgSx_KPu0d3MkQ4s_uyv2TUWYLwsads0iLDOMu8yrs21cp9TllqOg7uhQ","TokenCreationEpochInSecs":1772099296,"ExpiresInSecs":604800}