{"Fid":"cpnxtw2LTamOb_rPTCaEg9","Status":3,"AuthToken":"eyJhbGciOiJFUzI1NiIsInR5cCI6IkpXVCJ9.eyJhcHBJZCI6IjE6MTAyMzEzMzcyODg5NDphbmRyb2lkOmYyNWE2NzFmNTE5NGUxZDYxOGQ4MmYiLCJleHAiOjE3Njg4MTczMjAsImZpZCI6ImNwbnh0dzJMVGFtT2JfclBUQ2FFZzkiLCJwcm9qZWN0TnVtYmVyIjoxMDIzMTMzNzI4ODk0fQ.AB2LPV8wRgIhAJAWsdav_NsN9NTb9A3XTktuiqrt8fJ6gjilo2huNl2uAiEA9m8y30Tz3OIkUINL1q-CoeJWHiwHkNCs5ubpj1_H8C4","RefreshToken":"3_AS3qfwLm2hdB6jdhyZi6sPQBzrJmjI4IOmAg4YOxgV8uQAzqMYlS9YV3Sc-mNJ8htvvOB6xSX_njguc5SfVJ3UWHNiH2r2TSoeLh8WLvZ_M9vA","TokenCreationEpochInSecs":1768212521,"ExpiresInSecs":604800}