{"Fid":"f3-U8k9CSqq5Gb2bngnbUF","Status":3,"AuthToken":"eyJhbGciOiJFUzI1NiIsInR5cCI6IkpXVCJ9.eyJhcHBJZCI6IjE6MTAyMzEzMzcyODg5NDphbmRyb2lkOmYyNWE2NzFmNTE5NGUxZDYxOGQ4MmYiLCJleHAiOjE3NjUyMjE0OTYsImZpZCI6ImYzLVU4azlDU3FxNUdiMmJuZ25iVUYiLCJwcm9qZWN0TnVtYmVyIjoxMDIzMTMzNzI4ODk0fQ.AB2LPV8wRgIhANu-AiEn6zQy9HVTwgCjoWXfHhiWafgAwB7t-2qDE6aaAiEAkYdDYofWhL4ud03rDf0XUJVM7ondJDl2bidl6xwv560","RefreshToken":"3_AS3qfwLPTnMgiEbiG-fAhNJXRX7xjdKTsH2vCzMAZ5YoMfgbiqaXuEVsKxOxQttDSFhj3mHfJNL8ykm2U8vfAdxsfLUFVBMUdx-ma7hLIZaPy0U","TokenCreationEpochInSecs":1764616695,"ExpiresInSecs":604800}