{"Fid":"fJmBtMhpSKeHlo28oGTFzf","Status":3,"AuthToken":"eyJhbGciOiJFUzI1NiIsInR5cCI6IkpXVCJ9.eyJhcHBJZCI6IjE6MTAyMzEzMzcyODg5NDphbmRyb2lkOmYyNWE2NzFmNTE5NGUxZDYxOGQ4MmYiLCJleHAiOjE3NjY3MTQ0NDUsImZpZCI6ImZKbUJ0TWhwU0tlSGxvMjhvR1RGemYiLCJwcm9qZWN0TnVtYmVyIjoxMDIzMTMzNzI4ODk0fQ.AB2LPV8wRgIhAJvM5dMI2xtePDhNpBI-RNi2TINFjzWiDgLZ1TOOzeliAiEAqkBVmYmAKuBkyyP71jrPYtTbPGkuzLHBDN8snq0YeJY","RefreshToken":"3_AS3qfwLEPrl_aou8caDynFWtii6hqa75FnqW1RM0199PT9xv3uqr9f4P7Ryjxz8bpWwboa3lgFiroAEw7CJXIJllLTSyFK0W_pTFc5Cwtsxeeg","TokenCreationEpochInSecs":1766109645,"ExpiresInSecs":604800}