{"Fid":"ciD8q8k5R4eMV3Q1OLlm9D","Status":3,"AuthToken":"eyJhbGciOiJFUzI1NiIsInR5cCI6IkpXVCJ9.eyJhcHBJZCI6IjE6MTAyMzEzMzcyODg5NDphbmRyb2lkOmYyNWE2NzFmNTE5NGUxZDYxOGQ4MmYiLCJleHAiOjE3NjUwNTU3MzUsImZpZCI6ImNpRDhxOGs1UjRlTVYzUTFPTGxtOUQiLCJwcm9qZWN0TnVtYmVyIjoxMDIzMTMzNzI4ODk0fQ.AB2LPV8wRQIgJy7iUNWHzmvp64rDFEeYGXMR9iHAXkgDj2XgyzeQSDgCIQDJzsvS91ox_Vt8ue8MCrg6tYtyE9k0l6vMZ3RCuqU3yw","RefreshToken":"3_AS3qfwL1lz7ROhWfbWGmoOpB6xupjV8nnMJg8cbPWM_TTf4jUrz3SshClBecXZZboDnD07oOsqnLfcMmXEWP-n-FeGlRoT3htsaGL-5i1IOI1-E","TokenCreationEpochInSecs":1764450935,"ExpiresInSecs":604800}