{"Fid":"c-95K4KoTNq9xcwHo-hB5c","Status":3,"AuthToken":"eyJhbGciOiJFUzI1NiIsInR5cCI6IkpXVCJ9.eyJhcHBJZCI6IjE6MTAyMzEzMzcyODg5NDphbmRyb2lkOmYyNWE2NzFmNTE5NGUxZDYxOGQ4MmYiLCJleHAiOjE3Njc0MDg5ODksImZpZCI6ImMtOTVLNEtvVE5xOXhjd0hvLWhCNWMiLCJwcm9qZWN0TnVtYmVyIjoxMDIzMTMzNzI4ODk0fQ.AB2LPV8wRAIgD9N8U_3UgpuZ_r1tSy01IWI-1g3WDYmmechxx8WUrKkCICk_H1QQyeRIBKL9Qfh8bEPlEFBkPHECcGOmMBTqNmvf","RefreshToken":"3_AS3qfwIZdQAgfhHJqOVEX5UON-Jeii6HXxOgnnvOvzBESAGiWQRm_gDD8aji0894KzSwRJGOUcdifLIs6g8sN-Bv7DktiLV-gYdr3tOBP_YeurI","TokenCreationEpochInSecs":1766804189,"ExpiresInSecs":604800}