{"Fid":"fIXq_8_bRzuKl-ZaT7CrY3","Status":3,"AuthToken":"eyJhbGciOiJFUzI1NiIsInR5cCI6IkpXVCJ9.eyJhcHBJZCI6IjE6MTAyMzEzMzcyODg5NDphbmRyb2lkOmYyNWE2NzFmNTE5NGUxZDYxOGQ4MmYiLCJleHAiOjE3NjgyMjk5NTgsImZpZCI6ImZJWHFfOF9iUnp1S2wtWmFUN0NyWTMiLCJwcm9qZWN0TnVtYmVyIjoxMDIzMTMzNzI4ODk0fQ.AB2LPV8wRQIgNQcX39AB59aiTNBzQ-9DRsjbCYzS6FYDmMssNVjoZjECIQD5fpTeZA-cp5hwOM5QgrdcKhzjjj6_vSSc8JTlxYX7TA","RefreshToken":"3_AS3qfwJYRTqwIUX3KkKIfCE7DhmPmZ4MA15wJ3j7OL3dgzsOYKtHJSlbSNGECI_7ZjHKwxEO4fnPSXWKdqFz8YfKVp3uiMJ3uwczwusI6ICgOg","TokenCreationEpochInSecs":1767625158,"ExpiresInSecs":604800}