{"Fid":"dmMDIZvfQPKIeZXFogdI51","Status":3,"AuthToken":"eyJhbGciOiJFUzI1NiIsInR5cCI6IkpXVCJ9.eyJhcHBJZCI6IjE6MTAyMzEzMzcyODg5NDphbmRyb2lkOmYyNWE2NzFmNTE5NGUxZDYxOGQ4MmYiLCJleHAiOjE3NjY5NzU0MjMsImZpZCI6ImRtTURJWnZmUVBLSWVaWEZvZ2RJNTEiLCJwcm9qZWN0TnVtYmVyIjoxMDIzMTMzNzI4ODk0fQ.AB2LPV8wRQIgZ1cUwuq-0riU9EKS6D3qGE_SDHZqeFfhmKde6i_rSPUCIQDurZ28L8DsheVCHCgI0T3EK6VbuePPE3vHBt6qooMBig","RefreshToken":"3_AS3qfwISOtuMGLOdgIdpD2aEN60BvDtz2sEl9Cla9OtFVr8LPjNUUkZ4ERV72qtrI6xQLapYYJ7BMWzkvpPZeR3GtXKVXsuKGW9Dymst3AHHGZ4","TokenCreationEpochInSecs":1766370623,"ExpiresInSecs":604800}