{"Fid":"dAY3mJgIT2mWlaUet-TNsP","Status":3,"AuthToken":"eyJhbGciOiJFUzI1NiIsInR5cCI6IkpXVCJ9.eyJhcHBJZCI6IjE6MTAyMzEzMzcyODg5NDphbmRyb2lkOmI3OTc2MjlkZWZkZGFkNzgxOGQ4MmYiLCJleHAiOjE3NzE5MTg1MDcsImZpZCI6ImRBWTNtSmdJVDJtV2xhVWV0LVROc1AiLCJwcm9qZWN0TnVtYmVyIjoxMDIzMTMzNzI4ODk0fQ.AB2LPV8wRQIgFxN7496TFnTaRZeebDUOTy0lHUdW_o0MDpQCj6xQX_ICIQChrgagQ_zBh7zxHxP1Z_5SLzTJBYzDtnK2YpPiMOQKeA","RefreshToken":"3_AS3qfwJYz3fm5zOFyw2l1ucQWBXiTMfbjEF8pT509m-o1H7PziMiFOGo1s1t_filFh6qKe_cLUKIwBe6QEdvP6xaKWxdF8xM4f2lvCQvQsCANY0","TokenCreationEpochInSecs":1771313707,"ExpiresInSecs":604800}