{"Fid":"eAJQHd0iQSmu8LPAGgioY-","Status":3,"AuthToken":"eyJhbGciOiJFUzI1NiIsInR5cCI6IkpXVCJ9.eyJhcHBJZCI6IjE6MTAyMzEzMzcyODg5NDphbmRyb2lkOmYyNWE2NzFmNTE5NGUxZDYxOGQ4MmYiLCJleHAiOjE3NjcyMzkwMDYsImZpZCI6ImVBSlFIZDBpUVNtdThMUEFHZ2lvWS0iLCJwcm9qZWN0TnVtYmVyIjoxMDIzMTMzNzI4ODk0fQ.AB2LPV8wRQIhANzCmMvBQOHbRrfv04PBgYGR-6vz1s3DFq2GWPxpZyiaAiALIqCR8xqDkGVzpBqYYX1yIj67cSdmQQWezrnldAmx6w","RefreshToken":"3_AS3qfwIjBb0NuH-0G_V-NOWp-4zSvlaTajNTanSgHzLiosXiXSqbqmX6B-cvNrwzV_Y3bLxowXleyKRvvQz0GnuYztM8B4A70-bI_67ZN7tCzfw","TokenCreationEpochInSecs":1766634206,"ExpiresInSecs":604800}