{"Fid":"cpnxtw2LTamOb_rPTCaEg9","Status":3,"AuthToken":"eyJhbGciOiJFUzI1NiIsInR5cCI6IkpXVCJ9.eyJhcHBJZCI6IjE6MTAyMzEzMzcyODg5NDphbmRyb2lkOmYyNWE2NzFmNTE5NGUxZDYxOGQ4MmYiLCJleHAiOjE3Njk3NTA0ODQsImZpZCI6ImNwbnh0dzJMVGFtT2JfclBUQ2FFZzkiLCJwcm9qZWN0TnVtYmVyIjoxMDIzMTMzNzI4ODk0fQ.AB2LPV8wRQIhAIi8o-wkEMPN9n_m7AMCjR_DLfpZnmesBhqQzKDQO_PmAiAHxs4IvC2YufcHe1jynJ_u0ZdfHEeXD3KGwkJsFQkxWA","RefreshToken":"3_AS3qfwLm2hdB6jdhyZi6sPQBzrJmjI4IOmAg4YOxgV8uQAzqMYlS9YV3Sc-mNJ8htvvOB6xSX_njguc5SfVJ3UWHNiH2r2TSoeLh8WLvZ_M9vA","TokenCreationEpochInSecs":1769145684,"ExpiresInSecs":604800}