{"Fid":"fIjwEKxvR8CRIwT1dejn5N","Status":3,"AuthToken":"eyJhbGciOiJFUzI1NiIsInR5cCI6IkpXVCJ9.eyJhcHBJZCI6IjE6MTAyMzEzMzcyODg5NDphbmRyb2lkOmYyNWE2NzFmNTE5NGUxZDYxOGQ4MmYiLCJleHAiOjE3NjU4NjI0MDIsImZpZCI6ImZJandFS3h2UjhDUkl3VDFkZWpuNU4iLCJwcm9qZWN0TnVtYmVyIjoxMDIzMTMzNzI4ODk0fQ.AB2LPV8wRQIhALgw9cof-TOZuT3Jja3laTL-8Uu95X9FPWp00KoWjrWfAiATHxhP6X9vIW1zrjOO1vFLMDQxn4Ft_UUEZ49yGs-H5w","RefreshToken":"3_AS3qfwKdGKyHP6Yqp2WPf1VzeMbQw0F3TRYyHStW7sDCsq3FDd2wPxcEQZt-05Mz_P-VPeSTGG--CAKZGzbO-7O_1NZFTJPRf7lE1wmFF7R3JXQ","TokenCreationEpochInSecs":1765257602,"ExpiresInSecs":604800}