{"Fid":"cvcPgs6sRbWDudN24Nnw4m","Status":3,"AuthToken":"eyJhbGciOiJFUzI1NiIsInR5cCI6IkpXVCJ9.eyJhcHBJZCI6IjE6MTAyMzEzMzcyODg5NDphbmRyb2lkOmYyNWE2NzFmNTE5NGUxZDYxOGQ4MmYiLCJleHAiOjE3NjY0ODYzODIsImZpZCI6ImN2Y1BnczZzUmJXRHVkTjI0Tm53NG0iLCJwcm9qZWN0TnVtYmVyIjoxMDIzMTMzNzI4ODk0fQ.AB2LPV8wRQIgWpbo22Ze1hQhJg6Y1BjVwzWVyrORrewVsUpEVtnHxtsCIQDkwiy3vvT_K5tUVR1cZvYvVF3415aLZdUudR50MN-x0Q","RefreshToken":"3_AS3qfwISFh7zf5p5nO3bLRDBFX-JCNvl_fSQ1NXJ3IfYLRiG-jjlHvDJ-nJJXsEKGHErN5XEWb20m0tHLU0CxZ-ADp9MNB_2YLVcDbmM6g_0zOI","TokenCreationEpochInSecs":1765881582,"ExpiresInSecs":604800}