{"Fid":"eVSKZlMIRC-H1PSSYE2yQg","Status":3,"AuthToken":"eyJhbGciOiJFUzI1NiIsInR5cCI6IkpXVCJ9.eyJhcHBJZCI6IjE6MTAyMzEzMzcyODg5NDphbmRyb2lkOmYyNWE2NzFmNTE5NGUxZDYxOGQ4MmYiLCJleHAiOjE3NjYyODY0NzEsImZpZCI6ImVWU0tabE1JUkMtSDFQU1NZRTJ5UWciLCJwcm9qZWN0TnVtYmVyIjoxMDIzMTMzNzI4ODk0fQ.AB2LPV8wRQIgWRt0MarfDsrIkEVc54HgmRj47Y3Gm2d1eYJaYeW6XzwCIQCxQiKuYG1hwkd5KdNDXQYK4q5HAYgYxFTaXC7zoXI7qA","RefreshToken":"3_AS3qfwJ2diqcPg_d4wSbgoByk1u-Ytrt4BHAzjRXxYUl8ClUGYgk_zuVPgCDSM90OhydnZqgrQgt7bZsmjO3OyKvyi38W3CEJ-0d6oONj14KMNI","TokenCreationEpochInSecs":1765681671,"ExpiresInSecs":604800}