{"Fid":"eRufUVIQQ-mnU9ug3WFbs6","Status":3,"AuthToken":"eyJhbGciOiJFUzI1NiIsInR5cCI6IkpXVCJ9.eyJhcHBJZCI6IjE6MTAyMzEzMzcyODg5NDphbmRyb2lkOmYyNWE2NzFmNTE5NGUxZDYxOGQ4MmYiLCJleHAiOjE3NjgwMjk3MzAsImZpZCI6ImVSdWZVVklRUS1tblU5dWczV0ZiczYiLCJwcm9qZWN0TnVtYmVyIjoxMDIzMTMzNzI4ODk0fQ.AB2LPV8wRQIgD4Zo_QmUYEHkAWIqAIzC26Dss22GpS6VRkAfNCvLzHcCIQDr_UUEEw-u8n3QJFwKic53asGQiUY4l9w5DeI93rQuwQ","RefreshToken":"3_AS3qfwLQa6QaDYOPlIkgbC_gGPfLntami6zQBzML9knL1XrpLI9VdwqoMw-7LIWL4o4_xmyMKHcxbP4RJ8JOIdzpkIQa4NzLWF-BhLM2sp3z_sE","TokenCreationEpochInSecs":1767424930,"ExpiresInSecs":604800}