{"Fid":"fTw_LYdGQnWkcC4nr4knUQ","Status":3,"AuthToken":"eyJhbGciOiJFUzI1NiIsInR5cCI6IkpXVCJ9.eyJhcHBJZCI6IjE6MTAyMzEzMzcyODg5NDphbmRyb2lkOmYyNWE2NzFmNTE5NGUxZDYxOGQ4MmYiLCJleHAiOjE3NjU4NzQ5NzUsImZpZCI6ImZUd19MWWRHUW5Xa2NDNG5yNGtuVVEiLCJwcm9qZWN0TnVtYmVyIjoxMDIzMTMzNzI4ODk0fQ.AB2LPV8wRgIhAI1l3yHEWmHBuE6LY6H-JU_BN8yQreDEnUMEAocXV93BAiEAlVmtTq62d_6mag2lw0ERRaJ-_amGLAF8CUvkQYye4Us","RefreshToken":"3_AS3qfwLivl9clgWN5L4hrAe6co2LUOJFXfPwQSAXfiBEYmc9TqtAotdyQzltWUXLINkZWj7SvaZyq4cqC34g0flwZS_ZErvnurbeYeY8YxSjAfI","TokenCreationEpochInSecs":1765270175,"ExpiresInSecs":604800}