{"Fid":"cG_OdH2kTlysLsVDVKYxdC","Status":3,"AuthToken":"eyJhbGciOiJFUzI1NiIsInR5cCI6IkpXVCJ9.eyJhcHBJZCI6IjE6MTAyMzEzMzcyODg5NDphbmRyb2lkOmYyNWE2NzFmNTE5NGUxZDYxOGQ4MmYiLCJleHAiOjE3NzA0MzM5NTMsImZpZCI6ImNHX09kSDJrVGx5c0xzVkRWS1l4ZEMiLCJwcm9qZWN0TnVtYmVyIjoxMDIzMTMzNzI4ODk0fQ.AB2LPV8wRAIgBBkIx6uSMBjWbLODMWgI5HptSk1LugHmzZVWiAaDPKwCIH0LSLMwpQYikG0QTKvgaoH25_QZArXBSFOXFdb59scC","RefreshToken":"3_AS3qfwILua6fin1NE6B8vELYPjgZwTvXumzqcX7ngbtr-cmGeAx5DAx8PTegU1G-vDHZsO2HEk_hTttCBy9CzcHIWM1-T9Seok8RqM4NxlLQMg","TokenCreationEpochInSecs":1769829152,"ExpiresInSecs":604800}