{"settings_version":3,"cache_duration":172520,"features":{"collect_logged_exceptions":true,"collect_reports":true,"collect_analytics":false,"prompt_enabled":false,"push_enabled":false,"firebase_crashlytics_enabled":false,"collect_anrs":true,"collect_metric_kit":false,"collect_build_ids":true},"app":{"status":"activated","update_required":false,"report_upload_variant":2,"native_report_upload_variant":2},"fabric":{"org_id":"68416c682a294096d73a519a","bundle_id":"story.tv.drama.reels"},"on_demand_upload_rate_per_minute":10,"on_demand_backoff_base":1.2,"on_demand_backoff_step_duration_seconds":60,"app_quality":{"sessions_enabled":true,"sampling_rate":1,"session_timeout_seconds":1800},"on_demand_thread_recording_suspension_enabled":true,"expires_at":1766681597705}